order_item_id,order_id,product_id,quantity,unit_price
ITEM00001,ORD00001,PROD0006,2,1499
ITEM00002,ORD00001,PROD0014,2,899
ITEM00003,ORD00002,PROD0009,1,1999
ITEM00004,ORD00003,PROD0003,2,1499
ITEM00005,ORD00003,PROD0004,1,499
ITEM00006,ORD00003,PROD0015,1,4999
ITEM00007,ORD00004,PROD0014,2,899
ITEM00008,ORD00004,PROD0017,1,2999
ITEM00009,ORD00005,PROD0007,1,1299
ITEM00010,ORD00006,PROD0014,2,899
ITEM00011,ORD00007,PROD0001,2,2499
ITEM00012,ORD00007,PROD0012,1,1499
ITEM00013,ORD00007,PROD0005,2,1299
ITEM00014,ORD00008,PROD0013,1,2999
ITEM00015,ORD00009,PROD0004,2,499
ITEM00016,ORD00009,PROD0005,2,1299
ITEM00017,ORD00009,PROD0020,1,499
ITEM00018,ORD00010,PROD0002,1,1499
ITEM00019,ORD00010,PROD0004,2,499
ITEM00020,ORD00011,PROD0005,1,1299
ITEM00021,ORD00011,PROD0001,1,2499
ITEM00022,ORD00012,PROD0007,1,1299
ITEM00023,ORD00012,PROD0013,1,2999
ITEM00024,ORD00013,PROD0012,2,1499
ITEM00025,ORD00014,PROD0001,2,2499
ITEM00026,ORD00014,PROD0010,2,3999
ITEM00027,ORD00014,PROD0011,1,1299
ITEM00028,ORD00015,PROD0005,1,1299
ITEM00029,ORD00016,PROD0014,1,899
ITEM00030,ORD00017,PROD0001,2,2499
ITEM00031,ORD00017,PROD0010,1,3999
ITEM00032,ORD00017,PROD0003,2,1499
ITEM00033,ORD00018,PROD0003,2,1499
ITEM00034,ORD00018,PROD0007,2,1299
ITEM00035,ORD00018,PROD0019,2,3999
ITEM00036,ORD00019,PROD0001,1,2499
ITEM00037,ORD00019,PROD0006,2,1499
ITEM00038,ORD00020,PROD0012,1,1499
ITEM00039,ORD00021,PROD0017,1,2999
ITEM00040,ORD00021,PROD0018,1,999
ITEM00041,ORD00022,PROD0003,1,1499
ITEM00042,ORD00023,PROD0006,1,1499
ITEM00043,ORD00023,PROD0005,2,1299
ITEM00044,ORD00023,PROD0013,1,2999
ITEM00045,ORD00024,PROD0009,2,1999
ITEM00046,ORD00024,PROD0014,2,899
ITEM00047,ORD00024,PROD0006,1,1499
ITEM00048,ORD00025,PROD0018,1,999
ITEM00049,ORD00026,PROD0010,2,3999
ITEM00050,ORD00027,PROD0005,1,1299
ITEM00051,ORD00028,PROD0013,2,2999
ITEM00052,ORD00029,PROD0018,2,999
ITEM00053,ORD00030,PROD0004,2,499
ITEM00054,ORD00030,PROD0002,2,1499
ITEM00055,ORD00030,PROD0014,2,899
ITEM00056,ORD00031,PROD0005,1,1299
ITEM00057,ORD00032,PROD0010,1,3999
ITEM00058,ORD00032,PROD0014,1,899
ITEM00059,ORD00033,PROD0008,1,499
ITEM00060,ORD00033,PROD0018,2,999
ITEM00061,ORD00033,PROD0016,2,2499
ITEM00062,ORD00034,PROD0002,2,1499
ITEM00063,ORD00035,PROD0006,1,1499
ITEM00064,ORD00035,PROD0004,2,499
ITEM00065,ORD00035,PROD0003,1,1499
ITEM00066,ORD00036,PROD0016,2,2499
ITEM00067,ORD00036,PROD0011,2,1299
ITEM00068,ORD00036,PROD0019,2,3999
ITEM00069,ORD00037,PROD0005,1,1299
ITEM00070,ORD00038,PROD0001,2,2499
ITEM00071,ORD00038,PROD0016,2,2499
ITEM00072,ORD00038,PROD0005,2,1299
ITEM00073,ORD00039,PROD0014,2,899
ITEM00074,ORD00040,PROD0012,2,1499
ITEM00075,ORD00041,PROD0002,1,1499
ITEM00076,ORD00042,PROD0012,1,1499
ITEM00077,ORD00043,PROD0002,1,1499
ITEM00078,ORD00044,PROD0013,1,2999
ITEM00079,ORD00044,PROD0016,1,2499
ITEM00080,ORD00045,PROD0004,1,499
ITEM00081,ORD00045,PROD0013,2,2999
ITEM00082,ORD00046,PROD0004,1,499
ITEM00083,ORD00046,PROD0012,1,1499
ITEM00084,ORD00046,PROD0006,1,1499
ITEM00085,ORD00047,PROD0004,2,499
ITEM00086,ORD00048,PROD0011,1,1299
ITEM00087,ORD00049,PROD0010,2,3999
ITEM00088,ORD00050,PROD0002,1,1499
ITEM00089,ORD00050,PROD0016,2,2499
ITEM00090,ORD00050,PROD0005,1,1299
ITEM00091,ORD00051,PROD0016,2,2499
ITEM00092,ORD00051,PROD0011,2,1299
ITEM00093,ORD00052,PROD0015,2,4999
ITEM00094,ORD00052,PROD0004,2,499
ITEM00095,ORD00053,PROD0014,2,899
ITEM00096,ORD00054,PROD0014,1,899
ITEM00097,ORD00055,PROD0005,1,1299
ITEM00098,ORD00055,PROD0006,1,1499
ITEM00099,ORD00055,PROD0012,2,1499
ITEM00100,ORD00056,PROD0020,1,499
ITEM00101,ORD00057,PROD0015,1,4999
ITEM00102,ORD00057,PROD0001,2,2499
ITEM00103,ORD00057,PROD0006,1,1499
ITEM00104,ORD00058,PROD0006,2,1499
ITEM00105,ORD00059,PROD0008,1,499
ITEM00106,ORD00059,PROD0004,1,499
ITEM00107,ORD00059,PROD0014,2,899
ITEM00108,ORD00060,PROD0001,2,2499
ITEM00109,ORD00060,PROD0016,2,2499
ITEM00110,ORD00061,PROD0015,1,4999
ITEM00111,ORD00061,PROD0017,1,2999
ITEM00112,ORD00062,PROD0006,2,1499
ITEM00113,ORD00062,PROD0001,2,2499
ITEM00114,ORD00063,PROD0009,2,1999
ITEM00115,ORD00064,PROD0007,1,1299
ITEM00116,ORD00065,PROD0011,1,1299
ITEM00117,ORD00065,PROD0017,2,2999
ITEM00118,ORD00066,PROD0011,2,1299
ITEM00119,ORD00066,PROD0005,2,1299
ITEM00120,ORD00067,PROD0004,2,499
ITEM00121,ORD00067,PROD0008,2,499
ITEM00122,ORD00068,PROD0012,2,1499
ITEM00123,ORD00068,PROD0020,2,499
ITEM00124,ORD00068,PROD0015,1,4999
ITEM00125,ORD00069,PROD0005,1,1299
ITEM00126,ORD00069,PROD0018,2,999
ITEM00127,ORD00070,PROD0014,2,899
ITEM00128,ORD00070,PROD0001,1,2499
ITEM00129,ORD00070,PROD0008,1,499
ITEM00130,ORD00071,PROD0015,2,4999
ITEM00131,ORD00072,PROD0006,1,1499
ITEM00132,ORD00072,PROD0016,1,2499
ITEM00133,ORD00073,PROD0002,2,1499
ITEM00134,ORD00073,PROD0013,2,2999
ITEM00135,ORD00074,PROD0003,1,1499
ITEM00136,ORD00074,PROD0012,2,1499
ITEM00137,ORD00075,PROD0005,2,1299
ITEM00138,ORD00076,PROD0020,1,499
ITEM00139,ORD00076,PROD0012,1,1499
ITEM00140,ORD00076,PROD0005,1,1299
ITEM00141,ORD00077,PROD0016,2,2499
ITEM00142,ORD00077,PROD0010,2,3999
ITEM00143,ORD00077,PROD0007,1,1299
ITEM00144,ORD00078,PROD0017,2,2999
ITEM00145,ORD00078,PROD0007,2,1299
ITEM00146,ORD00078,PROD0010,2,3999
ITEM00147,ORD00079,PROD0003,2,1499
ITEM00148,ORD00080,PROD0012,1,1499
ITEM00149,ORD00081,PROD0007,1,1299
ITEM00150,ORD00081,PROD0010,2,3999
ITEM00151,ORD00081,PROD0014,2,899
ITEM00152,ORD00082,PROD0009,2,1999
ITEM00153,ORD00082,PROD0016,1,2499
ITEM00154,ORD00082,PROD0012,2,1499
ITEM00155,ORD00083,PROD0002,2,1499
ITEM00156,ORD00083,PROD0012,2,1499
ITEM00157,ORD00084,PROD0005,2,1299
ITEM00158,ORD00084,PROD0009,1,1999
ITEM00159,ORD00084,PROD0008,2,499
ITEM00160,ORD00085,PROD0016,2,2499
ITEM00161,ORD00086,PROD0013,2,2999
ITEM00162,ORD00086,PROD0006,1,1499
ITEM00163,ORD00087,PROD0011,1,1299
ITEM00164,ORD00087,PROD0015,2,4999
ITEM00165,ORD00087,PROD0004,1,499
ITEM00166,ORD00088,PROD0007,1,1299
ITEM00167,ORD00088,PROD0009,1,1999
ITEM00168,ORD00089,PROD0016,2,2499
ITEM00169,ORD00090,PROD0019,1,3999
ITEM00170,ORD00090,PROD0008,2,499
ITEM00171,ORD00091,PROD0019,1,3999
ITEM00172,ORD00091,PROD0018,1,999
ITEM00173,ORD00092,PROD0010,1,3999
ITEM00174,ORD00092,PROD0004,1,499
ITEM00175,ORD00092,PROD0008,2,499
ITEM00176,ORD00093,PROD0009,1,1999
ITEM00177,ORD00094,PROD0007,2,1299
ITEM00178,ORD00094,PROD0018,1,999
ITEM00179,ORD00094,PROD0014,1,899
ITEM00180,ORD00095,PROD0017,1,2999
ITEM00181,ORD00095,PROD0001,2,2499
ITEM00182,ORD00095,PROD0018,1,999
ITEM00183,ORD00096,PROD0001,2,2499
ITEM00184,ORD00096,PROD0003,1,1499
ITEM00185,ORD00097,PROD0015,1,4999
ITEM00186,ORD00098,PROD0019,1,3999
ITEM00187,ORD00098,PROD0010,1,3999
ITEM00188,ORD00098,PROD0006,2,1499
ITEM00189,ORD00099,PROD0008,2,499
ITEM00190,ORD00099,PROD0013,2,2999
ITEM00191,ORD00100,PROD0005,2,1299
ITEM00192,ORD00100,PROD0020,1,499
ITEM00193,ORD00100,PROD0016,2,2499
ITEM00194,ORD00101,PROD0019,1,3999
ITEM00195,ORD00101,PROD0010,2,3999
ITEM00196,ORD00101,PROD0011,2,1299
ITEM00197,ORD00102,PROD0002,1,1499
ITEM00198,ORD00102,PROD0009,2,1999
ITEM00199,ORD00103,PROD0006,2,1499
ITEM00200,ORD00104,PROD0008,2,499
ITEM00201,ORD00104,PROD0014,1,899
ITEM00202,ORD00105,PROD0006,2,1499
ITEM00203,ORD00105,PROD0010,2,3999
ITEM00204,ORD00106,PROD0005,1,1299
ITEM00205,ORD00106,PROD0014,1,899
ITEM00206,ORD00107,PROD0018,1,999
ITEM00207,ORD00108,PROD0017,2,2999
ITEM00208,ORD00108,PROD0012,2,1499
ITEM00209,ORD00108,PROD0006,1,1499
ITEM00210,ORD00109,PROD0011,1,1299
ITEM00211,ORD00109,PROD0017,1,2999
ITEM00212,ORD00109,PROD0001,1,2499
ITEM00213,ORD00110,PROD0020,2,499
ITEM00214,ORD00110,PROD0016,2,2499
ITEM00215,ORD00111,PROD0003,2,1499
ITEM00216,ORD00111,PROD0007,1,1299
ITEM00217,ORD00112,PROD0016,1,2499
ITEM00218,ORD00112,PROD0015,2,4999
ITEM00219,ORD00112,PROD0008,1,499
ITEM00220,ORD00113,PROD0007,1,1299
ITEM00221,ORD00113,PROD0020,1,499
ITEM00222,ORD00113,PROD0002,1,1499
ITEM00223,ORD00114,PROD0018,2,999
ITEM00224,ORD00114,PROD0009,1,1999
ITEM00225,ORD00115,PROD0012,2,1499
ITEM00226,ORD00115,PROD0019,2,3999
ITEM00227,ORD00115,PROD0010,2,3999
ITEM00228,ORD00116,PROD0002,1,1499
ITEM00229,ORD00117,PROD0012,1,1499
ITEM00230,ORD00117,PROD0019,2,3999
ITEM00231,ORD00117,PROD0009,1,1999
ITEM00232,ORD00118,PROD0001,1,2499
ITEM00233,ORD00118,PROD0003,2,1499
ITEM00234,ORD00119,PROD0020,1,499
ITEM00235,ORD00119,PROD0015,1,4999
ITEM00236,ORD00119,PROD0017,2,2999
ITEM00237,ORD00120,PROD0018,1,999
ITEM00238,ORD00121,PROD0014,1,899
ITEM00239,ORD00121,PROD0016,2,2499
ITEM00240,ORD00122,PROD0012,2,1499
ITEM00241,ORD00123,PROD0019,2,3999
ITEM00242,ORD00123,PROD0006,1,1499
ITEM00243,ORD00123,PROD0011,2,1299
ITEM00244,ORD00124,PROD0020,2,499
ITEM00245,ORD00124,PROD0012,2,1499
ITEM00246,ORD00125,PROD0018,2,999
ITEM00247,ORD00126,PROD0016,2,2499
ITEM00248,ORD00127,PROD0014,1,899
ITEM00249,ORD00128,PROD0017,1,2999
ITEM00250,ORD00129,PROD0011,1,1299
ITEM00251,ORD00130,PROD0005,2,1299
ITEM00252,ORD00131,PROD0020,1,499
ITEM00253,ORD00131,PROD0003,2,1499
ITEM00254,ORD00131,PROD0012,2,1499
ITEM00255,ORD00132,PROD0001,2,2499
ITEM00256,ORD00133,PROD0013,2,2999
ITEM00257,ORD00134,PROD0008,2,499
ITEM00258,ORD00134,PROD0004,2,499
ITEM00259,ORD00135,PROD0002,2,1499
ITEM00260,ORD00136,PROD0019,2,3999
ITEM00261,ORD00136,PROD0003,1,1499
ITEM00262,ORD00137,PROD0010,2,3999
ITEM00263,ORD00137,PROD0012,1,1499
ITEM00264,ORD00138,PROD0008,1,499
ITEM00265,ORD00138,PROD0007,1,1299
ITEM00266,ORD00139,PROD0015,2,4999
ITEM00267,ORD00140,PROD0017,2,2999
ITEM00268,ORD00140,PROD0005,1,1299
ITEM00269,ORD00141,PROD0017,2,2999
ITEM00270,ORD00141,PROD0007,2,1299
ITEM00271,ORD00142,PROD0013,2,2999
ITEM00272,ORD00143,PROD0005,2,1299
ITEM00273,ORD00144,PROD0001,1,2499
ITEM00274,ORD00145,PROD0011,2,1299
ITEM00275,ORD00145,PROD0014,1,899
ITEM00276,ORD00145,PROD0015,1,4999
ITEM00277,ORD00146,PROD0011,2,1299
ITEM00278,ORD00147,PROD0014,2,899
ITEM00279,ORD00148,PROD0017,1,2999
ITEM00280,ORD00148,PROD0008,2,499
ITEM00281,ORD00149,PROD0003,1,1499
ITEM00282,ORD00150,PROD0018,1,999
ITEM00283,ORD00151,PROD0013,1,2999
ITEM00284,ORD00152,PROD0012,2,1499
ITEM00285,ORD00152,PROD0008,2,499
ITEM00286,ORD00152,PROD0003,2,1499
ITEM00287,ORD00153,PROD0009,2,1999
ITEM00288,ORD00153,PROD0019,2,3999
ITEM00289,ORD00153,PROD0018,1,999
ITEM00290,ORD00154,PROD0011,2,1299
ITEM00291,ORD00155,PROD0001,2,2499
ITEM00292,ORD00155,PROD0006,1,1499
ITEM00293,ORD00156,PROD0019,2,3999
ITEM00294,ORD00156,PROD0012,2,1499
ITEM00295,ORD00157,PROD0017,2,2999
ITEM00296,ORD00157,PROD0009,1,1999
ITEM00297,ORD00158,PROD0004,2,499
ITEM00298,ORD00158,PROD0016,1,2499
ITEM00299,ORD00159,PROD0018,2,999
ITEM00300,ORD00160,PROD0002,2,1499
ITEM00301,ORD00160,PROD0020,1,499
ITEM00302,ORD00161,PROD0009,2,1999
ITEM00303,ORD00162,PROD0016,2,2499
ITEM00304,ORD00162,PROD0004,1,499
ITEM00305,ORD00163,PROD0014,2,899
ITEM00306,ORD00163,PROD0020,1,499
ITEM00307,ORD00163,PROD0008,1,499
ITEM00308,ORD00164,PROD0005,2,1299
ITEM00309,ORD00165,PROD0008,2,499
ITEM00310,ORD00166,PROD0003,1,1499
ITEM00311,ORD00166,PROD0018,2,999
ITEM00312,ORD00167,PROD0012,1,1499
ITEM00313,ORD00167,PROD0014,2,899
ITEM00314,ORD00167,PROD0016,2,2499
ITEM00315,ORD00168,PROD0010,2,3999
ITEM00316,ORD00168,PROD0001,2,2499
ITEM00317,ORD00169,PROD0009,1,1999
ITEM00318,ORD00169,PROD0002,1,1499
ITEM00319,ORD00169,PROD0019,2,3999
ITEM00320,ORD00170,PROD0002,1,1499
ITEM00321,ORD00170,PROD0007,2,1299
ITEM00322,ORD00170,PROD0015,2,4999
ITEM00323,ORD00171,PROD0002,2,1499
ITEM00324,ORD00172,PROD0010,2,3999
ITEM00325,ORD00173,PROD0014,2,899
ITEM00326,ORD00173,PROD0007,1,1299
ITEM00327,ORD00173,PROD0003,1,1499
ITEM00328,ORD00174,PROD0014,2,899
ITEM00329,ORD00175,PROD0019,2,3999
ITEM00330,ORD00175,PROD0007,1,1299
ITEM00331,ORD00176,PROD0012,2,1499
ITEM00332,ORD00176,PROD0019,2,3999
ITEM00333,ORD00177,PROD0005,1,1299
ITEM00334,ORD00178,PROD0016,1,2499
ITEM00335,ORD00178,PROD0009,2,1999
ITEM00336,ORD00179,PROD0019,1,3999
ITEM00337,ORD00180,PROD0014,1,899
ITEM00338,ORD00180,PROD0003,2,1499
ITEM00339,ORD00180,PROD0016,2,2499
ITEM00340,ORD00181,PROD0001,2,2499
ITEM00341,ORD00181,PROD0014,2,899
ITEM00342,ORD00182,PROD0005,1,1299
ITEM00343,ORD00182,PROD0020,1,499
ITEM00344,ORD00182,PROD0009,2,1999
ITEM00345,ORD00183,PROD0019,1,3999
ITEM00346,ORD00184,PROD0007,2,1299
ITEM00347,ORD00184,PROD0019,2,3999
ITEM00348,ORD00184,PROD0014,1,899
ITEM00349,ORD00185,PROD0018,1,999
ITEM00350,ORD00185,PROD0011,2,1299
ITEM00351,ORD00185,PROD0014,1,899
ITEM00352,ORD00186,PROD0002,2,1499
ITEM00353,ORD00187,PROD0013,1,2999
ITEM00354,ORD00188,PROD0018,1,999
ITEM00355,ORD00188,PROD0010,1,3999
ITEM00356,ORD00189,PROD0013,2,2999
ITEM00357,ORD00190,PROD0002,1,1499
ITEM00358,ORD00190,PROD0019,2,3999
ITEM00359,ORD00190,PROD0011,1,1299
ITEM00360,ORD00191,PROD0015,1,4999
ITEM00361,ORD00191,PROD0009,2,1999
ITEM00362,ORD00192,PROD0015,2,4999
ITEM00363,ORD00192,PROD0004,1,499
ITEM00364,ORD00192,PROD0007,1,1299
ITEM00365,ORD00193,PROD0005,1,1299
ITEM00366,ORD00194,PROD0019,2,3999
ITEM00367,ORD00195,PROD0007,2,1299
ITEM00368,ORD00196,PROD0015,2,4999
ITEM00369,ORD00197,PROD0012,1,1499
ITEM00370,ORD00197,PROD0019,1,3999
ITEM00371,ORD00197,PROD0013,2,2999
ITEM00372,ORD00198,PROD0008,1,499
ITEM00373,ORD00199,PROD0004,2,499
ITEM00374,ORD00200,PROD0004,2,499
ITEM00375,ORD00200,PROD0019,1,3999
ITEM00376,ORD00200,PROD0010,2,3999
ITEM00377,ORD00201,PROD0016,2,2499
ITEM00378,ORD00201,PROD0003,1,1499
ITEM00379,ORD00202,PROD0009,1,1999
ITEM00380,ORD00202,PROD0003,1,1499
ITEM00381,ORD00202,PROD0008,2,499
ITEM00382,ORD00203,PROD0008,2,499
ITEM00383,ORD00204,PROD0004,1,499
ITEM00384,ORD00205,PROD0017,1,2999
ITEM00385,ORD00206,PROD0002,1,1499
ITEM00386,ORD00206,PROD0020,1,499
ITEM00387,ORD00207,PROD0006,2,1499
ITEM00388,ORD00207,PROD0013,1,2999
ITEM00389,ORD00207,PROD0002,1,1499
ITEM00390,ORD00208,PROD0017,1,2999
ITEM00391,ORD00208,PROD0020,2,499
ITEM00392,ORD00208,PROD0018,2,999
ITEM00393,ORD00209,PROD0010,2,3999
ITEM00394,ORD00210,PROD0002,1,1499
ITEM00395,ORD00211,PROD0017,1,2999
ITEM00396,ORD00212,PROD0008,2,499
ITEM00397,ORD00212,PROD0019,2,3999
ITEM00398,ORD00213,PROD0004,1,499
ITEM00399,ORD00213,PROD0019,2,3999
ITEM00400,ORD00214,PROD0020,2,499
ITEM00401,ORD00215,PROD0003,2,1499
ITEM00402,ORD00215,PROD0002,2,1499
ITEM00403,ORD00215,PROD0010,2,3999
ITEM00404,ORD00216,PROD0017,1,2999
ITEM00405,ORD00217,PROD0013,2,2999
ITEM00406,ORD00218,PROD0018,1,999
ITEM00407,ORD00218,PROD0010,1,3999
ITEM00408,ORD00218,PROD0001,1,2499
ITEM00409,ORD00219,PROD0018,2,999
ITEM00410,ORD00219,PROD0013,1,2999
ITEM00411,ORD00220,PROD0018,2,999
ITEM00412,ORD00221,PROD0012,1,1499
ITEM00413,ORD00221,PROD0007,2,1299
ITEM00414,ORD00221,PROD0016,1,2499
ITEM00415,ORD00222,PROD0004,2,499
ITEM00416,ORD00222,PROD0005,2,1299
ITEM00417,ORD00223,PROD0003,1,1499
ITEM00418,ORD00223,PROD0001,1,2499
ITEM00419,ORD00223,PROD0017,1,2999
ITEM00420,ORD00224,PROD0004,2,499
ITEM00421,ORD00224,PROD0020,2,499
ITEM00422,ORD00225,PROD0005,1,1299
ITEM00423,ORD00226,PROD0002,1,1499
ITEM00424,ORD00226,PROD0004,2,499
ITEM00425,ORD00227,PROD0006,2,1499
ITEM00426,ORD00227,PROD0017,1,2999
ITEM00427,ORD00227,PROD0018,1,999
ITEM00428,ORD00228,PROD0001,2,2499
ITEM00429,ORD00228,PROD0019,2,3999
ITEM00430,ORD00228,PROD0011,1,1299
ITEM00431,ORD00229,PROD0006,2,1499
ITEM00432,ORD00230,PROD0009,2,1999
ITEM00433,ORD00231,PROD0013,2,2999
ITEM00434,ORD00231,PROD0001,1,2499
ITEM00435,ORD00232,PROD0008,2,499
ITEM00436,ORD00232,PROD0011,1,1299
ITEM00437,ORD00232,PROD0019,2,3999
ITEM00438,ORD00233,PROD0008,1,499
ITEM00439,ORD00233,PROD0019,2,3999
ITEM00440,ORD00233,PROD0001,1,2499
ITEM00441,ORD00234,PROD0008,1,499
ITEM00442,ORD00235,PROD0009,2,1999
ITEM00443,ORD00235,PROD0011,1,1299
ITEM00444,ORD00236,PROD0020,1,499
ITEM00445,ORD00236,PROD0015,2,4999
ITEM00446,ORD00236,PROD0001,1,2499
ITEM00447,ORD00237,PROD0019,1,3999
ITEM00448,ORD00237,PROD0020,1,499
ITEM00449,ORD00238,PROD0008,2,499
ITEM00450,ORD00239,PROD0016,1,2499
ITEM00451,ORD00240,PROD0014,1,899
ITEM00452,ORD00240,PROD0019,1,3999
ITEM00453,ORD00240,PROD0015,2,4999
ITEM00454,ORD00241,PROD0010,2,3999
ITEM00455,ORD00242,PROD0009,2,1999
ITEM00456,ORD00242,PROD0010,2,3999
ITEM00457,ORD00243,PROD0012,2,1499
ITEM00458,ORD00244,PROD0005,2,1299
ITEM00459,ORD00244,PROD0002,2,1499
ITEM00460,ORD00245,PROD0005,1,1299
ITEM00461,ORD00245,PROD0020,2,499
ITEM00462,ORD00246,PROD0003,1,1499
ITEM00463,ORD00246,PROD0007,1,1299
ITEM00464,ORD00247,PROD0005,1,1299
ITEM00465,ORD00248,PROD0015,2,4999
ITEM00466,ORD00248,PROD0003,1,1499
ITEM00467,ORD00248,PROD0014,2,899
ITEM00468,ORD00249,PROD0019,2,3999
ITEM00469,ORD00249,PROD0018,2,999
ITEM00470,ORD00249,PROD0007,1,1299
ITEM00471,ORD00250,PROD0013,2,2999
ITEM00472,ORD00250,PROD0009,1,1999
ITEM00473,ORD00251,PROD0010,2,3999
ITEM00474,ORD00252,PROD0008,1,499
ITEM00475,ORD00252,PROD0019,1,3999
ITEM00476,ORD00252,PROD0011,1,1299
ITEM00477,ORD00253,PROD0004,1,499
ITEM00478,ORD00254,PROD0004,1,499
ITEM00479,ORD00254,PROD0013,2,2999
ITEM00480,ORD00255,PROD0007,2,1299
ITEM00481,ORD00255,PROD0016,1,2499
ITEM00482,ORD00256,PROD0019,1,3999
ITEM00483,ORD00257,PROD0019,2,3999
ITEM00484,ORD00257,PROD0009,1,1999
ITEM00485,ORD00257,PROD0016,2,2499
ITEM00486,ORD00258,PROD0015,2,4999
ITEM00487,ORD00259,PROD0002,2,1499
ITEM00488,ORD00260,PROD0009,2,1999
ITEM00489,ORD00260,PROD0007,1,1299
ITEM00490,ORD00260,PROD0013,1,2999
ITEM00491,ORD00261,PROD0019,2,3999
ITEM00492,ORD00261,PROD0011,1,1299
ITEM00493,ORD00262,PROD0012,2,1499
ITEM00494,ORD00263,PROD0014,1,899
ITEM00495,ORD00263,PROD0003,1,1499
ITEM00496,ORD00264,PROD0007,2,1299
ITEM00497,ORD00265,PROD0015,2,4999
ITEM00498,ORD00265,PROD0017,1,2999
ITEM00499,ORD00266,PROD0006,1,1499
ITEM00500,ORD00266,PROD0015,1,4999
ITEM00501,ORD00266,PROD0007,1,1299
ITEM00502,ORD00267,PROD0010,1,3999
ITEM00503,ORD00268,PROD0003,1,1499
ITEM00504,ORD00268,PROD0004,2,499
ITEM00505,ORD00268,PROD0014,2,899
ITEM00506,ORD00269,PROD0019,1,3999
ITEM00507,ORD00269,PROD0007,1,1299
ITEM00508,ORD00270,PROD0007,2,1299
ITEM00509,ORD00270,PROD0018,1,999
ITEM00510,ORD00270,PROD0016,1,2499
ITEM00511,ORD00271,PROD0017,1,2999
ITEM00512,ORD00271,PROD0001,2,2499
ITEM00513,ORD00271,PROD0013,1,2999
ITEM00514,ORD00272,PROD0012,2,1499
ITEM00515,ORD00272,PROD0001,2,2499
ITEM00516,ORD00273,PROD0016,1,2499
ITEM00517,ORD00274,PROD0007,2,1299
ITEM00518,ORD00274,PROD0006,1,1499
ITEM00519,ORD00275,PROD0020,2,499
ITEM00520,ORD00276,PROD0015,1,4999
ITEM00521,ORD00276,PROD0018,1,999
ITEM00522,ORD00277,PROD0009,1,1999
ITEM00523,ORD00277,PROD0014,1,899
ITEM00524,ORD00278,PROD0016,2,2499
ITEM00525,ORD00278,PROD0019,1,3999
ITEM00526,ORD00278,PROD0003,2,1499
ITEM00527,ORD00279,PROD0005,2,1299
ITEM00528,ORD00280,PROD0015,2,4999
ITEM00529,ORD00280,PROD0017,1,2999
ITEM00530,ORD00280,PROD0016,1,2499
ITEM00531,ORD00281,PROD0020,1,499
ITEM00532,ORD00281,PROD0015,1,4999
ITEM00533,ORD00282,PROD0001,2,2499
ITEM00534,ORD00282,PROD0014,2,899
ITEM00535,ORD00282,PROD0016,2,2499
ITEM00536,ORD00283,PROD0020,1,499
ITEM00537,ORD00283,PROD0015,1,4999
ITEM00538,ORD00283,PROD0006,2,1499
ITEM00539,ORD00284,PROD0016,2,2499
ITEM00540,ORD00285,PROD0020,2,499
ITEM00541,ORD00286,PROD0013,2,2999
ITEM00542,ORD00286,PROD0014,1,899
ITEM00543,ORD00287,PROD0015,2,4999
ITEM00544,ORD00287,PROD0016,2,2499
ITEM00545,ORD00288,PROD0018,1,999
ITEM00546,ORD00288,PROD0008,2,499
ITEM00547,ORD00288,PROD0019,2,3999
ITEM00548,ORD00289,PROD0012,1,1499
ITEM00549,ORD00289,PROD0015,2,4999
ITEM00550,ORD00289,PROD0003,2,1499
ITEM00551,ORD00290,PROD0002,2,1499
ITEM00552,ORD00290,PROD0013,2,2999
ITEM00553,ORD00291,PROD0001,1,2499
ITEM00554,ORD00291,PROD0005,1,1299
ITEM00555,ORD00291,PROD0010,1,3999
ITEM00556,ORD00292,PROD0005,2,1299
ITEM00557,ORD00293,PROD0009,1,1999
ITEM00558,ORD00293,PROD0019,2,3999
ITEM00559,ORD00293,PROD0003,2,1499
ITEM00560,ORD00294,PROD0019,2,3999
ITEM00561,ORD00295,PROD0006,1,1499
ITEM00562,ORD00296,PROD0006,1,1499
ITEM00563,ORD00296,PROD0018,2,999
ITEM00564,ORD00297,PROD0004,1,499
ITEM00565,ORD00298,PROD0004,1,499
ITEM00566,ORD00298,PROD0007,1,1299
ITEM00567,ORD00299,PROD0008,2,499
ITEM00568,ORD00299,PROD0013,2,2999
ITEM00569,ORD00300,PROD0012,1,1499
