order_id,customer_id,status,total_amount,payment_status,payment_method,order_date,expected_delivery,cancellable,tracking_number
ORD00001,CUST0050,Confirmed,4796,Paid,Cash on Delivery,2026-04-27,2026-05-02,true,
ORD00002,CUST0002,Shipped,1999,Refunded,Credit Card,2026-09-12,2026-09-16,false,TRK425078349
ORD00003,CUST0064,Out for Delivery,8496,Failed,Net Banking,2026-08-28,2026-09-02,false,TRK956597421
ORD00004,CUST0058,Processing,4797,Failed,Credit Card,2026-02-26,2026-03-05,true,
ORD00005,CUST0025,Out for Delivery,1299,Failed,UPI,2026-04-19,2026-04-22,false,TRK111764059
ORD00006,CUST0053,Processing,1798,Paid,Debit Card,2026-06-14,2026-06-17,true,
ORD00007,CUST0015,Cancelled,9095,Paid,Cash on Delivery,2026-05-25,2026-05-29,false,
ORD00008,CUST0085,Return Requested,2999,Failed,UPI,2026-08-11,2026-08-18,false,
ORD00009,CUST0037,Refunded,4095,Failed,Cash on Delivery,2026-03-13,2026-03-21,false,
ORD00010,CUST0046,Cancelled,2497,Paid,Credit Card,2026-05-28,2026-06-01,false,
ORD00011,CUST0050,Return Requested,3798,Pending,UPI,2026-04-03,2026-04-07,false,
ORD00012,CUST0013,Out for Delivery,4298,Paid,UPI,2026-03-16,2026-03-22,false,TRK595354240
ORD00013,CUST0090,Shipped,2998,Paid,Credit Card,2026-02-16,2026-02-24,false,TRK352472172
ORD00014,CUST0056,Shipped,14295,Paid,UPI,2026-06-24,2026-06-27,false,TRK690736772
ORD00015,CUST0009,Out for Delivery,1299,Refunded,Cash on Delivery,2026-02-26,2026-03-03,false,TRK382676035
ORD00016,CUST0054,Cancelled,899,Refunded,Debit Card,2026-07-08,2026-07-16,false,
ORD00017,CUST0045,Processing,11995,Failed,UPI,2026-06-10,2026-06-15,true,
ORD00018,CUST0094,Return Requested,13594,Pending,Cash on Delivery,2026-04-12,2026-04-20,false,
ORD00019,CUST0070,Return Requested,5497,Paid,UPI,2026-03-25,2026-03-28,false,
ORD00020,CUST0018,Delivered,1499,Pending,Debit Card,2026-02-21,2026-02-24,false,TRK239684339
ORD00021,CUST0033,Confirmed,3998,Pending,Debit Card,2026-07-30,2026-08-06,true,
ORD00022,CUST0082,Refunded,1499,Refunded,UPI,2026-06-07,2026-06-11,false,
ORD00023,CUST0099,Return Requested,7096,Paid,UPI,2026-08-14,2026-08-19,false,
ORD00024,CUST0054,Confirmed,7295,Paid,UPI,2026-03-08,2026-03-12,true,
ORD00025,CUST0073,Delivered,999,Pending,Debit Card,2026-07-21,2026-07-28,false,TRK741503209
ORD00026,CUST0071,Processing,7998,Paid,Net Banking,2026-06-23,2026-07-01,true,
ORD00027,CUST0028,Processing,1299,Paid,Cash on Delivery,2026-09-12,2026-09-18,true,
ORD00028,CUST0029,Refunded,5998,Refunded,Debit Card,2026-02-02,2026-02-09,false,
ORD00029,CUST0010,Confirmed,1998,Paid,Credit Card,2026-04-21,2026-04-27,true,
ORD00030,CUST0087,Shipped,5794,Paid,Net Banking,2026-01-19,2026-01-27,false,TRK560243180
ORD00031,CUST0085,Confirmed,1299,Refunded,Debit Card,2026-02-23,2026-02-26,true,
ORD00032,CUST0047,Return Requested,4898,Paid,Cash on Delivery,2026-09-19,2026-09-27,false,
ORD00033,CUST0078,Confirmed,7495,Failed,Debit Card,2026-03-15,2026-03-21,true,
ORD00034,CUST0083,Cancelled,2998,Paid,Cash on Delivery,2026-05-26,2026-05-30,false,
ORD00035,CUST0013,Cancelled,3996,Refunded,UPI,2026-09-09,2026-09-15,false,
ORD00036,CUST0098,Out for Delivery,15594,Failed,Credit Card,2026-09-07,2026-09-15,false,TRK352627820
ORD00037,CUST0014,Shipped,1299,Paid,Net Banking,2026-01-28,2026-02-02,false,TRK899242308
ORD00038,CUST0023,Shipped,12594,Paid,UPI,2026-05-08,2026-05-14,false,TRK558355612
ORD00039,CUST0096,Return Requested,1798,Paid,Debit Card,2026-08-30,2026-09-04,false,
ORD00040,CUST0057,Processing,2998,Pending,Credit Card,2026-08-26,2026-08-29,true,
ORD00041,CUST0090,Cancelled,1499,Paid,Net Banking,2026-09-01,2026-09-09,false,
ORD00042,CUST0026,Return Requested,1499,Pending,Debit Card,2026-08-29,2026-09-06,false,
ORD00043,CUST0070,Confirmed,1499,Refunded,Credit Card,2026-06-09,2026-06-14,true,
ORD00044,CUST0067,Refunded,5498,Paid,Debit Card,2026-01-06,2026-01-13,false,
ORD00045,CUST0030,Return Requested,6497,Refunded,Net Banking,2026-06-18,2026-06-26,false,
ORD00046,CUST0014,Delivered,3497,Failed,Net Banking,2026-04-11,2026-04-14,false,TRK884251484
ORD00047,CUST0056,Processing,998,Refunded,Net Banking,2026-08-18,2026-08-24,true,
ORD00048,CUST0049,Cancelled,1299,Paid,UPI,2026-06-20,2026-06-25,false,
ORD00049,CUST0057,Cancelled,7998,Pending,Credit Card,2026-07-20,2026-07-23,false,
ORD00050,CUST0041,Cancelled,7796,Failed,Cash on Delivery,2026-08-30,2026-09-03,false,
ORD00051,CUST0029,Shipped,7596,Failed,Debit Card,2026-06-09,2026-06-13,false,TRK568535539
ORD00052,CUST0093,Confirmed,10996,Refunded,Cash on Delivery,2026-05-31,2026-06-08,true,
ORD00053,CUST0079,Out for Delivery,1798,Refunded,Debit Card,2026-03-08,2026-03-11,false,TRK752188287
ORD00054,CUST0031,Shipped,899,Refunded,Net Banking,2026-05-29,2026-06-05,false,TRK688102282
ORD00055,CUST0009,Refunded,5796,Failed,Credit Card,2026-07-08,2026-07-16,false,
ORD00056,CUST0021,Delivered,499,Pending,Credit Card,2026-08-21,2026-08-28,false,TRK731447500
ORD00057,CUST0077,Delivered,11496,Pending,UPI,2026-01-26,2026-01-30,false,TRK207980635
ORD00058,CUST0032,Cancelled,2998,Failed,Credit Card,2026-01-22,2026-01-26,false,
ORD00059,CUST0013,Processing,2796,Paid,Net Banking,2026-09-26,2026-10-03,true,
ORD00060,CUST0098,Cancelled,9996,Failed,Cash on Delivery,2026-03-07,2026-03-15,false,
ORD00061,CUST0021,Out for Delivery,7998,Paid,Cash on Delivery,2026-03-15,2026-03-19,false,TRK281105248
ORD00062,CUST0030,Confirmed,7996,Paid,Cash on Delivery,2026-09-13,2026-09-16,true,
ORD00063,CUST0082,Return Requested,3998,Refunded,Debit Card,2026-04-29,2026-05-07,false,
ORD00064,CUST0035,Shipped,1299,Paid,Net Banking,2026-05-01,2026-05-08,false,TRK650761450
ORD00065,CUST0039,Confirmed,7297,Refunded,Debit Card,2026-09-07,2026-09-11,true,
ORD00066,CUST0013,Processing,5196,Pending,UPI,2026-08-19,2026-08-23,true,
ORD00067,CUST0090,Refunded,1996,Pending,Cash on Delivery,2026-09-11,2026-09-16,false,
ORD00068,CUST0068,Confirmed,8995,Paid,Credit Card,2026-02-17,2026-02-20,true,
ORD00069,CUST0023,Out for Delivery,3297,Pending,Net Banking,2026-06-20,2026-06-28,false,TRK272857446
ORD00070,CUST0034,Return Requested,4796,Paid,Cash on Delivery,2026-07-07,2026-07-14,false,
ORD00071,CUST0045,Cancelled,9998,Failed,UPI,2026-08-16,2026-08-24,false,
ORD00072,CUST0031,Delivered,3998,Paid,Cash on Delivery,2026-01-12,2026-01-16,false,TRK234536266
ORD00073,CUST0023,Return Requested,8996,Pending,Credit Card,2026-05-22,2026-05-29,false,
ORD00074,CUST0010,Refunded,4497,Pending,Net Banking,2026-04-29,2026-05-07,false,
ORD00075,CUST0070,Processing,2598,Failed,Credit Card,2026-09-04,2026-09-07,true,
ORD00076,CUST0014,Refunded,3297,Paid,UPI,2026-09-23,2026-09-26,false,
ORD00077,CUST0066,Refunded,14295,Refunded,Cash on Delivery,2026-09-16,2026-09-23,false,
ORD00078,CUST0028,Processing,16594,Paid,Cash on Delivery,2026-04-09,2026-04-17,true,
ORD00079,CUST0051,Shipped,2998,Paid,Debit Card,2026-06-14,2026-06-18,false,TRK214199187
ORD00080,CUST0079,Processing,1499,Refunded,Net Banking,2026-08-13,2026-08-21,true,
ORD00081,CUST0093,Confirmed,11095,Paid,Cash on Delivery,2026-06-23,2026-06-27,true,
ORD00082,CUST0043,Refunded,9495,Failed,Cash on Delivery,2026-05-25,2026-06-01,false,
ORD00083,CUST0009,Shipped,5996,Paid,Credit Card,2026-03-10,2026-03-18,false,TRK452766272
ORD00084,CUST0004,Out for Delivery,5595,Failed,Credit Card,2026-04-18,2026-04-22,false,TRK105882936
ORD00085,CUST0009,Shipped,4998,Pending,Credit Card,2026-04-27,2026-05-01,false,TRK821614782
ORD00086,CUST0051,Confirmed,7497,Pending,Credit Card,2026-07-23,2026-07-30,true,
ORD00087,CUST0046,Shipped,11796,Refunded,UPI,2026-01-20,2026-01-26,false,TRK531021648
ORD00088,CUST0009,Confirmed,3298,Paid,Net Banking,2026-03-25,2026-03-29,true,
ORD00089,CUST0003,Confirmed,4998,Refunded,Credit Card,2026-01-19,2026-01-26,true,
ORD00090,CUST0089,Refunded,4997,Paid,Net Banking,2026-03-26,2026-04-03,false,
ORD00091,CUST0009,Confirmed,4998,Paid,Credit Card,2026-06-29,2026-07-03,true,
ORD00092,CUST0032,Confirmed,5496,Pending,Debit Card,2026-03-26,2026-03-31,true,
ORD00093,CUST0015,Delivered,1999,Refunded,Cash on Delivery,2026-05-03,2026-05-06,false,TRK525654780
ORD00094,CUST0032,Cancelled,4496,Paid,UPI,2026-07-08,2026-07-14,false,
ORD00095,CUST0013,Return Requested,8996,Paid,Cash on Delivery,2026-08-31,2026-09-04,false,
ORD00096,CUST0021,Delivered,6497,Pending,Net Banking,2026-06-04,2026-06-07,false,TRK814817976
ORD00097,CUST0094,Cancelled,4999,Refunded,Cash on Delivery,2026-08-26,2026-08-29,false,
ORD00098,CUST0077,Cancelled,10996,Pending,UPI,2026-06-08,2026-06-14,false,
ORD00099,CUST0012,Out for Delivery,6996,Refunded,Cash on Delivery,2026-08-30,2026-09-05,false,TRK857067192
ORD00100,CUST0036,Confirmed,8095,Paid,Debit Card,2026-01-10,2026-01-16,true,
ORD00101,CUST0018,Confirmed,14595,Pending,UPI,2026-05-07,2026-05-10,true,
ORD00102,CUST0032,Return Requested,5497,Failed,Cash on Delivery,2026-01-28,2026-02-02,false,
ORD00103,CUST0028,Confirmed,2998,Paid,Debit Card,2026-08-22,2026-08-26,true,
ORD00104,CUST0024,Confirmed,1897,Paid,Debit Card,2026-05-26,2026-06-01,true,
ORD00105,CUST0065,Out for Delivery,10996,Paid,Credit Card,2026-01-04,2026-01-10,false,TRK574719925
ORD00106,CUST0029,Processing,2198,Failed,Credit Card,2026-01-01,2026-01-06,true,
ORD00107,CUST0003,Confirmed,999,Paid,UPI,2026-03-17,2026-03-21,true,
ORD00108,CUST0032,Refunded,10495,Paid,Cash on Delivery,2026-08-27,2026-09-04,false,
ORD00109,CUST0033,Return Requested,6797,Pending,Credit Card,2026-04-19,2026-04-26,false,
ORD00110,CUST0064,Return Requested,5996,Paid,UPI,2026-01-10,2026-01-14,false,
ORD00111,CUST0099,Refunded,4297,Paid,Debit Card,2026-04-26,2026-05-04,false,
ORD00112,CUST0064,Processing,12996,Refunded,Cash on Delivery,2026-07-29,2026-08-06,true,
ORD00113,CUST0078,Cancelled,3297,Pending,Net Banking,2026-07-12,2026-07-15,false,
ORD00114,CUST0037,Confirmed,3997,Paid,Debit Card,2026-04-06,2026-04-09,true,
ORD00115,CUST0086,Return Requested,18994,Paid,Credit Card,2026-07-20,2026-07-28,false,
ORD00116,CUST0012,Confirmed,1499,Failed,Credit Card,2026-08-10,2026-08-15,true,
ORD00117,CUST0078,Out for Delivery,11496,Refunded,Net Banking,2026-02-21,2026-02-26,false,TRK689609724
ORD00118,CUST0006,Delivered,5497,Paid,Debit Card,2026-06-04,2026-06-09,false,TRK177584000
ORD00119,CUST0070,Processing,11496,Pending,Debit Card,2026-04-22,2026-04-29,true,
ORD00120,CUST0070,Delivered,999,Paid,Cash on Delivery,2026-08-01,2026-08-08,false,TRK592434039
ORD00121,CUST0053,Processing,5897,Pending,Cash on Delivery,2026-05-06,2026-05-10,true,
ORD00122,CUST0092,Out for Delivery,2998,Pending,Debit Card,2026-01-17,2026-01-23,false,TRK690509133
ORD00123,CUST0047,Confirmed,12095,Paid,Net Banking,2026-01-24,2026-02-01,true,
ORD00124,CUST0037,Cancelled,3996,Failed,Net Banking,2026-04-26,2026-05-04,false,
ORD00125,CUST0008,Return Requested,1998,Failed,UPI,2026-02-21,2026-02-28,false,
ORD00126,CUST0036,Confirmed,4998,Paid,Debit Card,2026-05-27,2026-05-30,true,
ORD00127,CUST0091,Out for Delivery,899,Failed,UPI,2026-02-05,2026-02-10,false,TRK858377484
ORD00128,CUST0057,Out for Delivery,2999,Paid,UPI,2026-03-31,2026-04-03,false,TRK792790674
ORD00129,CUST0089,Shipped,1299,Refunded,Credit Card,2026-01-03,2026-01-06,false,TRK613442354
ORD00130,CUST0049,Shipped,2598,Paid,Cash on Delivery,2026-06-26,2026-07-01,false,TRK232786123
ORD00131,CUST0035,Confirmed,6495,Failed,UPI,2026-02-03,2026-02-06,true,
ORD00132,CUST0007,Confirmed,4998,Paid,Credit Card,2026-04-27,2026-05-05,true,
ORD00133,CUST0067,Delivered,5998,Refunded,Net Banking,2026-02-12,2026-02-19,false,TRK619770333
ORD00134,CUST0040,Shipped,1996,Refunded,Credit Card,2026-02-17,2026-02-23,false,TRK508515053
ORD00135,CUST0042,Shipped,2998,Paid,Net Banking,2026-06-30,2026-07-05,false,TRK657304233
ORD00136,CUST0035,Cancelled,9497,Paid,Net Banking,2026-07-10,2026-07-18,false,
ORD00137,CUST0053,Refunded,9497,Refunded,Net Banking,2026-07-12,2026-07-19,false,
ORD00138,CUST0044,Confirmed,1798,Refunded,Debit Card,2026-07-13,2026-07-18,true,
ORD00139,CUST0074,Processing,9998,Paid,UPI,2026-08-07,2026-08-13,true,
ORD00140,CUST0058,Delivered,7297,Pending,Credit Card,2026-01-24,2026-01-27,false,TRK807275013
ORD00141,CUST0014,Confirmed,8596,Pending,Credit Card,2026-03-19,2026-03-24,true,
ORD00142,CUST0069,Delivered,5998,Refunded,UPI,2026-02-13,2026-02-18,false,TRK203679653
ORD00143,CUST0016,Refunded,2598,Refunded,UPI,2026-04-25,2026-04-28,false,
ORD00144,CUST0041,Confirmed,2499,Paid,Debit Card,2026-08-08,2026-08-13,true,
ORD00145,CUST0086,Cancelled,8496,Failed,Debit Card,2026-05-20,2026-05-25,false,
ORD00146,CUST0007,Delivered,2598,Failed,Credit Card,2026-04-13,2026-04-19,false,TRK933102452
ORD00147,CUST0018,Cancelled,1798,Refunded,Debit Card,2026-03-29,2026-04-03,false,
ORD00148,CUST0072,Cancelled,3997,Paid,Credit Card,2026-09-22,2026-09-27,false,
ORD00149,CUST0059,Shipped,1499,Paid,Credit Card,2026-01-23,2026-01-31,false,TRK868497635
ORD00150,CUST0059,Confirmed,999,Paid,Cash on Delivery,2026-03-24,2026-04-01,true,
ORD00151,CUST0067,Shipped,2999,Refunded,Credit Card,2026-03-08,2026-03-16,false,TRK633040435
ORD00152,CUST0024,Confirmed,6994,Pending,Cash on Delivery,2026-01-19,2026-01-25,true,
ORD00153,CUST0005,Processing,12995,Failed,Cash on Delivery,2026-01-31,2026-02-08,true,
ORD00154,CUST0069,Return Requested,2598,Paid,Net Banking,2026-06-17,2026-06-25,false,
ORD00155,CUST0034,Shipped,6497,Failed,Net Banking,2026-07-08,2026-07-11,false,TRK780845803
ORD00156,CUST0066,Return Requested,10996,Pending,Debit Card,2026-03-26,2026-04-03,false,
ORD00157,CUST0092,Cancelled,7997,Refunded,Credit Card,2026-05-31,2026-06-07,false,
ORD00158,CUST0077,Shipped,3497,Pending,Debit Card,2026-01-16,2026-01-24,false,TRK930545559
ORD00159,CUST0074,Delivered,1998,Pending,UPI,2026-02-22,2026-03-01,false,TRK610361036
ORD00160,CUST0034,Cancelled,3497,Refunded,Cash on Delivery,2026-02-02,2026-02-06,false,
ORD00161,CUST0035,Shipped,3998,Paid,Debit Card,2026-03-25,2026-04-01,false,TRK938133905
ORD00162,CUST0003,Refunded,5497,Pending,Credit Card,2026-01-02,2026-01-09,false,
ORD00163,CUST0043,Delivered,2796,Pending,Cash on Delivery,2026-02-05,2026-02-12,false,TRK385328169
ORD00164,CUST0036,Out for Delivery,2598,Paid,Debit Card,2026-05-26,2026-05-31,false,TRK255185310
ORD00165,CUST0008,Confirmed,998,Failed,UPI,2026-07-25,2026-07-31,true,
ORD00166,CUST0010,Delivered,3497,Failed,Net Banking,2026-04-08,2026-04-13,false,TRK723576187
ORD00167,CUST0096,Out for Delivery,8295,Pending,Credit Card,2026-09-10,2026-09-16,false,TRK234812313
ORD00168,CUST0092,Refunded,12996,Failed,Cash on Delivery,2026-08-14,2026-08-21,false,
ORD00169,CUST0015,Return Requested,11496,Paid,Credit Card,2026-06-20,2026-06-23,false,
ORD00170,CUST0069,Shipped,14095,Paid,UPI,2026-02-21,2026-02-28,false,TRK497244415
ORD00171,CUST0057,Confirmed,2998,Paid,UPI,2026-03-30,2026-04-02,true,
ORD00172,CUST0035,Out for Delivery,7998,Paid,UPI,2026-03-01,2026-03-06,false,TRK331012756
ORD00173,CUST0086,Return Requested,4596,Refunded,Credit Card,2026-06-21,2026-06-27,false,
ORD00174,CUST0037,Shipped,1798,Failed,Credit Card,2026-02-08,2026-02-16,false,TRK566956513
ORD00175,CUST0037,Return Requested,9297,Failed,Debit Card,2026-07-10,2026-07-17,false,
ORD00176,CUST0050,Cancelled,10996,Failed,Cash on Delivery,2026-06-10,2026-06-13,false,
ORD00177,CUST0021,Confirmed,1299,Paid,Net Banking,2026-05-06,2026-05-12,true,
ORD00178,CUST0044,Refunded,6497,Pending,Net Banking,2026-04-27,2026-05-02,false,
ORD00179,CUST0075,Delivered,3999,Refunded,Cash on Delivery,2026-02-23,2026-03-02,false,TRK352489174
ORD00180,CUST0007,Out for Delivery,8895,Paid,Debit Card,2026-04-03,2026-04-07,false,TRK684755360
ORD00181,CUST0007,Cancelled,6796,Pending,Credit Card,2026-06-18,2026-06-22,false,
ORD00182,CUST0064,Delivered,5796,Failed,Cash on Delivery,2026-01-23,2026-01-30,false,TRK690797409
ORD00183,CUST0095,Shipped,3999,Failed,Cash on Delivery,2026-06-10,2026-06-18,false,TRK920234590
ORD00184,CUST0096,Processing,11495,Paid,Net Banking,2026-01-08,2026-01-16,true,
ORD00185,CUST0010,Shipped,4496,Paid,Debit Card,2026-06-02,2026-06-09,false,TRK781777909
ORD00186,CUST0014,Cancelled,2998,Pending,Cash on Delivery,2026-01-05,2026-01-12,false,
ORD00187,CUST0002,Confirmed,2999,Failed,Debit Card,2026-02-02,2026-02-10,true,
ORD00188,CUST0079,Cancelled,4998,Pending,UPI,2026-04-06,2026-04-09,false,
ORD00189,CUST0055,Delivered,5998,Paid,Cash on Delivery,2026-04-23,2026-04-27,false,TRK248188062
ORD00190,CUST0027,Return Requested,10796,Failed,UPI,2026-09-22,2026-09-30,false,
ORD00191,CUST0029,Out for Delivery,8997,Pending,Debit Card,2026-07-19,2026-07-22,false,TRK810541887
ORD00192,CUST0021,Out for Delivery,11796,Pending,Cash on Delivery,2026-05-13,2026-05-16,false,TRK457658416
ORD00193,CUST0056,Shipped,1299,Failed,Credit Card,2026-04-09,2026-04-16,false,TRK124904321
ORD00194,CUST0066,Out for Delivery,7998,Paid,Credit Card,2026-03-08,2026-03-12,false,TRK766716850
ORD00195,CUST0010,Delivered,2598,Paid,Cash on Delivery,2026-09-19,2026-09-22,false,TRK414363749
ORD00196,CUST0004,Delivered,9998,Failed,Credit Card,2026-03-18,2026-03-22,false,TRK683746787
ORD00197,CUST0088,Processing,11496,Refunded,Cash on Delivery,2026-02-19,2026-02-25,true,
ORD00198,CUST0092,Return Requested,499,Paid,Cash on Delivery,2026-01-04,2026-01-08,false,
ORD00199,CUST0020,Delivered,998,Failed,UPI,2026-07-30,2026-08-04,false,TRK329289643
ORD00200,CUST0037,Shipped,12995,Refunded,UPI,2026-06-13,2026-06-17,false,TRK196212709
ORD00201,CUST0057,Shipped,6497,Failed,UPI,2026-03-08,2026-03-15,false,TRK335671992
ORD00202,CUST0016,Processing,4496,Paid,Cash on Delivery,2026-07-26,2026-08-02,true,
ORD00203,CUST0092,Return Requested,998,Paid,Net Banking,2026-09-24,2026-09-28,false,
ORD00204,CUST0066,Shipped,499,Paid,Credit Card,2026-06-02,2026-06-05,false,TRK187235354
ORD00205,CUST0010,Refunded,2999,Failed,Credit Card,2026-01-27,2026-02-04,false,
ORD00206,CUST0079,Out for Delivery,1998,Pending,Debit Card,2026-09-10,2026-09-17,false,TRK882219252
ORD00207,CUST0064,Shipped,7496,Failed,Net Banking,2026-03-12,2026-03-20,false,TRK470238675
ORD00208,CUST0098,Processing,5995,Pending,Credit Card,2026-07-11,2026-07-14,true,
ORD00209,CUST0051,Processing,7998,Pending,Debit Card,2026-06-24,2026-07-02,true,
ORD00210,CUST0084,Processing,1499,Paid,Net Banking,2026-09-05,2026-09-13,true,
ORD00211,CUST0068,Confirmed,2999,Paid,Debit Card,2026-07-08,2026-07-15,true,
ORD00212,CUST0045,Delivered,8996,Paid,Net Banking,2026-01-26,2026-01-30,false,TRK612670134
ORD00213,CUST0064,Confirmed,8497,Pending,UPI,2026-04-19,2026-04-23,true,
ORD00214,CUST0068,Delivered,998,Refunded,Net Banking,2026-07-30,2026-08-05,false,TRK298378289
ORD00215,CUST0020,Return Requested,13994,Failed,Cash on Delivery,2026-08-31,2026-09-07,false,
ORD00216,CUST0041,Cancelled,2999,Paid,UPI,2026-08-24,2026-08-30,false,
ORD00217,CUST0008,Cancelled,5998,Pending,Net Banking,2026-02-01,2026-02-05,false,
ORD00218,CUST0047,Return Requested,7497,Paid,Cash on Delivery,2026-05-18,2026-05-26,false,
ORD00219,CUST0058,Processing,4997,Paid,Credit Card,2026-01-03,2026-01-07,true,
ORD00220,CUST0071,Cancelled,1998,Failed,Debit Card,2026-09-14,2026-09-20,false,
ORD00221,CUST0066,Confirmed,6596,Pending,UPI,2026-09-22,2026-09-25,true,
ORD00222,CUST0053,Confirmed,3596,Failed,UPI,2026-03-13,2026-03-19,true,
ORD00223,CUST0039,Delivered,6997,Paid,Debit Card,2026-08-24,2026-08-30,false,TRK192544670
ORD00224,CUST0040,Out for Delivery,1996,Paid,Net Banking,2026-07-25,2026-07-29,false,TRK310236414
ORD00225,CUST0057,Shipped,1299,Failed,UPI,2026-04-14,2026-04-21,false,TRK932013123
ORD00226,CUST0072,Confirmed,2497,Paid,Credit Card,2026-04-30,2026-05-08,true,
ORD00227,CUST0040,Delivered,6996,Pending,Net Banking,2026-06-03,2026-06-06,false,TRK140154993
ORD00228,CUST0060,Confirmed,14295,Paid,UPI,2026-06-08,2026-06-16,true,
ORD00229,CUST0085,Return Requested,2998,Paid,Cash on Delivery,2026-05-25,2026-06-02,false,
ORD00230,CUST0004,Processing,3998,Paid,Net Banking,2026-01-11,2026-01-17,true,
ORD00231,CUST0003,Refunded,8497,Paid,Net Banking,2026-08-31,2026-09-08,false,
ORD00232,CUST0037,Cancelled,10295,Pending,Credit Card,2026-03-20,2026-03-25,false,
ORD00233,CUST0006,Processing,10996,Failed,Credit Card,2026-02-06,2026-02-12,true,
ORD00234,CUST0069,Processing,499,Paid,Net Banking,2026-07-18,2026-07-24,true,
ORD00235,CUST0002,Out for Delivery,5297,Refunded,Net Banking,2026-04-29,2026-05-04,false,TRK852435367
ORD00236,CUST0054,Return Requested,12996,Paid,Debit Card,2026-07-29,2026-08-04,false,
ORD00237,CUST0059,Delivered,4498,Paid,UPI,2026-02-21,2026-03-01,false,TRK779633474
ORD00238,CUST0029,Cancelled,998,Pending,UPI,2026-02-22,2026-02-27,false,
ORD00239,CUST0064,Return Requested,2499,Paid,Credit Card,2026-05-05,2026-05-12,false,
ORD00240,CUST0005,Out for Delivery,14896,Refunded,Debit Card,2026-05-07,2026-05-13,false,TRK629390457
ORD00241,CUST0008,Refunded,7998,Pending,Credit Card,2026-07-07,2026-07-15,false,
ORD00242,CUST0017,Refunded,11996,Paid,UPI,2026-01-08,2026-01-13,false,
ORD00243,CUST0030,Out for Delivery,2998,Pending,Credit Card,2026-02-04,2026-02-09,false,TRK684277431
ORD00244,CUST0001,Delivered,5596,Pending,Net Banking,2026-06-15,2026-06-22,false,TRK399755514
ORD00245,CUST0064,Shipped,2297,Pending,Debit Card,2026-02-20,2026-02-28,false,TRK291229608
ORD00246,CUST0024,Return Requested,2798,Pending,Debit Card,2026-01-22,2026-01-28,false,
ORD00247,CUST0019,Confirmed,1299,Failed,UPI,2026-04-17,2026-04-24,true,
ORD00248,CUST0085,Shipped,13295,Paid,Cash on Delivery,2026-09-06,2026-09-14,false,TRK636696991
ORD00249,CUST0025,Delivered,11295,Paid,Net Banking,2026-06-01,2026-06-06,false,TRK320177610
ORD00250,CUST0077,Cancelled,7997,Refunded,Debit Card,2026-08-18,2026-08-22,false,
ORD00251,CUST0054,Refunded,7998,Paid,Credit Card,2026-02-06,2026-02-11,false,
ORD00252,CUST0040,Delivered,5797,Paid,UPI,2026-01-23,2026-01-29,false,TRK226989803
ORD00253,CUST0093,Out for Delivery,499,Failed,Credit Card,2026-07-13,2026-07-19,false,TRK739457672
ORD00254,CUST0023,Confirmed,6497,Pending,Cash on Delivery,2026-06-24,2026-06-30,true,
ORD00255,CUST0059,Delivered,5097,Refunded,UPI,2026-05-29,2026-06-06,false,TRK676158870
ORD00256,CUST0096,Delivered,3999,Paid,Debit Card,2026-03-01,2026-03-04,false,TRK715930531
ORD00257,CUST0080,Refunded,14995,Pending,Credit Card,2026-06-28,2026-07-01,false,
ORD00258,CUST0076,Confirmed,9998,Pending,UPI,2026-08-16,2026-08-23,true,
ORD00259,CUST0025,Out for Delivery,2998,Pending,Debit Card,2026-02-08,2026-02-14,false,TRK593742124
ORD00260,CUST0071,Out for Delivery,8296,Paid,Cash on Delivery,2026-05-23,2026-05-31,false,TRK950761509
ORD00261,CUST0044,Confirmed,9297,Paid,Debit Card,2026-07-19,2026-07-26,true,
ORD00262,CUST0049,Shipped,2998,Failed,UPI,2026-09-26,2026-10-02,false,TRK862443385
ORD00263,CUST0089,Processing,2398,Pending,UPI,2026-08-08,2026-08-11,true,
ORD00264,CUST0027,Processing,2598,Paid,Cash on Delivery,2026-07-31,2026-08-03,true,
ORD00265,CUST0007,Delivered,12997,Refunded,Credit Card,2026-09-03,2026-09-07,false,TRK496179106
ORD00266,CUST0086,Processing,7797,Pending,UPI,2026-09-17,2026-09-20,true,
ORD00267,CUST0074,Out for Delivery,3999,Failed,Debit Card,2026-05-17,2026-05-20,false,TRK165820927
ORD00268,CUST0027,Refunded,4295,Paid,UPI,2026-01-09,2026-01-14,false,
ORD00269,CUST0026,Cancelled,5298,Paid,Debit Card,2026-02-23,2026-03-02,false,
ORD00270,CUST0014,Out for Delivery,6096,Refunded,Cash on Delivery,2026-02-19,2026-02-26,false,TRK305281009
ORD00271,CUST0070,Shipped,10996,Paid,Net Banking,2026-01-07,2026-01-13,false,TRK571564791
ORD00272,CUST0074,Shipped,7996,Pending,UPI,2026-03-31,2026-04-06,false,TRK758313532
ORD00273,CUST0097,Refunded,2499,Paid,Debit Card,2026-03-04,2026-03-10,false,
ORD00274,CUST0036,Refunded,4097,Failed,UPI,2026-07-03,2026-07-09,false,
ORD00275,CUST0022,Out for Delivery,998,Paid,Net Banking,2026-05-31,2026-06-04,false,TRK430582056
ORD00276,CUST0015,Out for Delivery,5998,Refunded,Net Banking,2026-05-12,2026-05-17,false,TRK945318362
ORD00277,CUST0098,Delivered,2898,Failed,Net Banking,2026-03-23,2026-03-30,false,TRK281134751
ORD00278,CUST0039,Processing,11995,Paid,Net Banking,2026-07-11,2026-07-17,true,
ORD00279,CUST0019,Shipped,2598,Paid,Net Banking,2026-01-30,2026-02-04,false,TRK259522634
ORD00280,CUST0096,Cancelled,15496,Paid,Debit Card,2026-03-02,2026-03-09,false,
ORD00281,CUST0097,Refunded,5498,Failed,Credit Card,2026-04-04,2026-04-12,false,
ORD00282,CUST0064,Return Requested,11794,Failed,UPI,2026-06-17,2026-06-24,false,
ORD00283,CUST0071,Delivered,8496,Pending,Debit Card,2026-06-12,2026-06-20,false,TRK892583416
ORD00284,CUST0078,Return Requested,4998,Paid,Net Banking,2026-06-13,2026-06-21,false,
ORD00285,CUST0023,Refunded,998,Paid,Debit Card,2026-06-04,2026-06-10,false,
ORD00286,CUST0088,Out for Delivery,6897,Refunded,Cash on Delivery,2026-01-23,2026-01-30,false,TRK235541971
ORD00287,CUST0014,Shipped,14996,Failed,Net Banking,2026-03-15,2026-03-22,false,TRK680465865
ORD00288,CUST0084,Processing,9995,Failed,Debit Card,2026-02-19,2026-02-24,true,
ORD00289,CUST0070,Refunded,14495,Refunded,Net Banking,2026-05-27,2026-05-30,false,
ORD00290,CUST0055,Out for Delivery,8996,Refunded,Debit Card,2026-01-24,2026-01-31,false,TRK335681707
ORD00291,CUST0097,Shipped,7797,Paid,Net Banking,2026-05-25,2026-05-29,false,TRK394473038
ORD00292,CUST0080,Delivered,2598,Failed,Credit Card,2026-03-06,2026-03-10,false,TRK187574260
ORD00293,CUST0094,Delivered,12995,Failed,UPI,2026-03-19,2026-03-26,false,TRK166969152
ORD00294,CUST0020,Confirmed,7998,Pending,Cash on Delivery,2026-02-14,2026-02-22,true,
ORD00295,CUST0032,Delivered,1499,Paid,Debit Card,2026-03-12,2026-03-15,false,TRK199465098
ORD00296,CUST0015,Shipped,3497,Paid,Cash on Delivery,2026-02-20,2026-02-28,false,TRK516652050
ORD00297,CUST0081,Return Requested,499,Failed,Credit Card,2026-06-19,2026-06-23,false,
ORD00298,CUST0055,Confirmed,1798,Paid,Net Banking,2026-07-08,2026-07-14,true,
ORD00299,CUST0072,Out for Delivery,6996,Failed,Credit Card,2026-08-12,2026-08-18,false,TRK264563537
ORD00300,CUST0026,Cancelled,1499,Paid,Net Banking,2026-04-18,2026-04-21,false,
