ticket_id,customer_id,order_id,issue_type,description,priority,status,assigned_to,created_at
TKT00001,CUST0047,ORD00093,Wrong item,Customer requires assistance regarding wrong item.,urgent,waiting_for_customer,SUPPORT_002,2026-07-27
TKT00002,CUST0071,ORD00259,Refund pending,Customer requires assistance regarding refund pending.,urgent,waiting_for_customer,SUPPORT_001,2026-09-21
TKT00003,CUST0013,ORD00005,Delivery complaint,Customer requires assistance regarding delivery complaint.,high,resolved,SUPPORT_002,2026-07-29
TKT00004,CUST0019,ORD00009,Missing item,Customer requires assistance regarding missing item.,high,resolved,AI_AGENT,2026-09-06
TKT00005,CUST0004,ORD00115,Delivery complaint,Customer requires assistance regarding delivery complaint.,urgent,resolved,SUPPORT_001,2026-07-11
TKT00006,CUST0097,ORD00272,General complaint,Customer requires assistance regarding general complaint.,urgent,resolved,SUPPORT_002,2026-09-24
TKT00007,CUST0005,ORD00110,Refund pending,Customer requires assistance regarding refund pending.,medium,in_progress,AI_AGENT,2026-07-11
TKT00008,CUST0010,ORD00158,Account issue,Customer requires assistance regarding account issue.,urgent,open,SUPPORT_001,2026-09-20
TKT00009,CUST0034,ORD00189,Refund pending,Customer requires assistance regarding refund pending.,medium,waiting_for_customer,AI_AGENT,2026-07-24
TKT00010,CUST0048,ORD00223,General complaint,Customer requires assistance regarding general complaint.,urgent,resolved,SUPPORT_002,2026-08-30
TKT00011,CUST0051,ORD00232,Delivery complaint,Customer requires assistance regarding delivery complaint.,urgent,waiting_for_customer,SUPPORT_001,2026-09-06
TKT00012,CUST0042,ORD00187,Missing item,Customer requires assistance regarding missing item.,medium,waiting_for_customer,AI_AGENT,2026-07-03
TKT00013,CUST0018,ORD00112,General complaint,Customer requires assistance regarding general complaint.,medium,resolved,SUPPORT_002,2026-08-02
TKT00014,CUST0017,ORD00219,Refund pending,Customer requires assistance regarding refund pending.,high,open,SUPPORT_001,2026-09-25
TKT00015,CUST0091,ORD00288,Missing item,Customer requires assistance regarding missing item.,urgent,resolved,SUPPORT_001,2026-07-05
TKT00016,CUST0100,ORD00149,General complaint,Customer requires assistance regarding general complaint.,medium,in_progress,SUPPORT_001,2026-09-27
TKT00017,CUST0095,ORD00100,Delivery complaint,Customer requires assistance regarding delivery complaint.,high,waiting_for_customer,SUPPORT_001,2026-08-13
TKT00018,CUST0017,ORD00295,Refund pending,Customer requires assistance regarding refund pending.,low,in_progress,AI_AGENT,2026-09-12
TKT00019,CUST0014,ORD00098,Damaged product,Customer requires assistance regarding damaged product.,low,resolved,SUPPORT_001,2026-07-08
TKT00020,CUST0010,ORD00008,Wrong item,Customer requires assistance regarding wrong item.,high,in_progress,SUPPORT_001,2026-09-20
TKT00021,CUST0017,ORD00204,Refund pending,Customer requires assistance regarding refund pending.,low,open,AI_AGENT,2026-09-09
TKT00022,CUST0058,ORD00173,Missing item,Customer requires assistance regarding missing item.,low,resolved,SUPPORT_001,2026-08-12
TKT00023,CUST0043,ORD00284,General complaint,Customer requires assistance regarding general complaint.,medium,resolved,SUPPORT_002,2026-08-31
TKT00024,CUST0094,ORD00047,Damaged product,Customer requires assistance regarding damaged product.,high,resolved,SUPPORT_001,2026-07-08
TKT00025,CUST0023,ORD00003,Missing item,Customer requires assistance regarding missing item.,low,waiting_for_customer,AI_AGENT,2026-09-09
TKT00026,CUST0091,ORD00199,Wrong item,Customer requires assistance regarding wrong item.,medium,in_progress,SUPPORT_002,2026-09-06
TKT00027,CUST0092,ORD00149,General complaint,Customer requires assistance regarding general complaint.,low,in_progress,SUPPORT_002,2026-09-17
TKT00028,CUST0056,ORD00018,Account issue,Customer requires assistance regarding account issue.,urgent,waiting_for_customer,SUPPORT_002,2026-08-06
TKT00029,CUST0075,ORD00229,General complaint,Customer requires assistance regarding general complaint.,low,resolved,AI_AGENT,2026-07-04
TKT00030,CUST0092,ORD00035,Wrong item,Customer requires assistance regarding wrong item.,urgent,in_progress,SUPPORT_001,2026-08-25
TKT00031,CUST0030,ORD00031,Payment issue,Customer requires assistance regarding payment issue.,medium,waiting_for_customer,SUPPORT_002,2026-08-02
TKT00032,CUST0051,ORD00240,Missing item,Customer requires assistance regarding missing item.,urgent,waiting_for_customer,AI_AGENT,2026-07-28
TKT00033,CUST0067,ORD00179,Missing item,Customer requires assistance regarding missing item.,urgent,in_progress,AI_AGENT,2026-08-07
TKT00034,CUST0025,ORD00036,Damaged product,Customer requires assistance regarding damaged product.,urgent,resolved,AI_AGENT,2026-07-23
TKT00035,CUST0078,ORD00027,Damaged product,Customer requires assistance regarding damaged product.,medium,in_progress,SUPPORT_002,2026-08-28
TKT00036,CUST0042,ORD00139,Missing item,Customer requires assistance regarding missing item.,urgent,in_progress,SUPPORT_002,2026-08-11
TKT00037,CUST0007,ORD00089,Refund pending,Customer requires assistance regarding refund pending.,medium,waiting_for_customer,AI_AGENT,2026-09-06
TKT00038,CUST0001,ORD00218,Account issue,Customer requires assistance regarding account issue.,high,resolved,AI_AGENT,2026-09-09
TKT00039,CUST0002,ORD00006,Damaged product,Customer requires assistance regarding damaged product.,high,in_progress,SUPPORT_001,2026-08-23
TKT00040,CUST0027,ORD00260,General complaint,Customer requires assistance regarding general complaint.,low,waiting_for_customer,SUPPORT_001,2026-07-10
TKT00041,CUST0055,ORD00084,Delivery complaint,Customer requires assistance regarding delivery complaint.,medium,open,SUPPORT_001,2026-09-03
TKT00042,CUST0088,ORD00201,Refund pending,Customer requires assistance regarding refund pending.,low,in_progress,SUPPORT_001,2026-08-27
TKT00043,CUST0001,ORD00158,Wrong item,Customer requires assistance regarding wrong item.,high,resolved,SUPPORT_001,2026-09-09
TKT00044,CUST0057,ORD00096,Wrong item,Customer requires assistance regarding wrong item.,urgent,resolved,AI_AGENT,2026-08-28
TKT00045,CUST0017,ORD00182,Damaged product,Customer requires assistance regarding damaged product.,high,in_progress,SUPPORT_002,2026-09-15
TKT00046,CUST0072,ORD00091,Missing item,Customer requires assistance regarding missing item.,high,open,SUPPORT_001,2026-08-13
TKT00047,CUST0023,ORD00202,Refund pending,Customer requires assistance regarding refund pending.,medium,in_progress,SUPPORT_001,2026-07-07
TKT00048,CUST0097,ORD00257,Missing item,Customer requires assistance regarding missing item.,low,resolved,AI_AGENT,2026-08-05
TKT00049,CUST0013,ORD00193,Delivery complaint,Customer requires assistance regarding delivery complaint.,medium,open,AI_AGENT,2026-08-09
TKT00050,CUST0016,ORD00053,Wrong item,Customer requires assistance regarding wrong item.,urgent,waiting_for_customer,AI_AGENT,2026-09-02
TKT00051,CUST0035,ORD00225,Missing item,Customer requires assistance regarding missing item.,low,in_progress,AI_AGENT,2026-07-22
TKT00052,CUST0010,ORD00174,General complaint,Customer requires assistance regarding general complaint.,high,resolved,SUPPORT_002,2026-07-01
TKT00053,CUST0006,ORD00214,Wrong item,Customer requires assistance regarding wrong item.,high,waiting_for_customer,SUPPORT_002,2026-07-03
TKT00054,CUST0026,ORD00002,Missing item,Customer requires assistance regarding missing item.,medium,in_progress,SUPPORT_002,2026-07-16
TKT00055,CUST0021,ORD00012,Account issue,Customer requires assistance regarding account issue.,high,resolved,AI_AGENT,2026-09-12
TKT00056,CUST0100,ORD00111,Delivery complaint,Customer requires assistance regarding delivery complaint.,urgent,open,AI_AGENT,2026-08-21
TKT00057,CUST0001,ORD00178,Delivery complaint,Customer requires assistance regarding delivery complaint.,medium,in_progress,SUPPORT_002,2026-08-08
TKT00058,CUST0087,ORD00098,Delivery complaint,Customer requires assistance regarding delivery complaint.,medium,in_progress,AI_AGENT,2026-08-20
TKT00059,CUST0002,ORD00245,Missing item,Customer requires assistance regarding missing item.,urgent,open,SUPPORT_001,2026-08-20
TKT00060,CUST0076,ORD00115,Wrong item,Customer requires assistance regarding wrong item.,low,waiting_for_customer,AI_AGENT,2026-07-13
TKT00061,CUST0012,ORD00138,Delivery complaint,Customer requires assistance regarding delivery complaint.,high,resolved,SUPPORT_002,2026-07-05
TKT00062,CUST0063,ORD00048,Payment issue,Customer requires assistance regarding payment issue.,medium,open,AI_AGENT,2026-09-18
TKT00063,CUST0044,ORD00202,General complaint,Customer requires assistance regarding general complaint.,high,open,SUPPORT_002,2026-09-14
TKT00064,CUST0054,ORD00192,Delivery complaint,Customer requires assistance regarding delivery complaint.,high,in_progress,SUPPORT_002,2026-07-01
TKT00065,CUST0087,ORD00112,General complaint,Customer requires assistance regarding general complaint.,high,resolved,SUPPORT_001,2026-08-20
TKT00066,CUST0031,ORD00212,Refund pending,Customer requires assistance regarding refund pending.,low,resolved,SUPPORT_002,2026-09-20
TKT00067,CUST0004,ORD00120,Missing item,Customer requires assistance regarding missing item.,urgent,open,SUPPORT_002,2026-09-20
TKT00068,CUST0078,ORD00069,Delivery complaint,Customer requires assistance regarding delivery complaint.,medium,open,AI_AGENT,2026-09-27
TKT00069,CUST0020,ORD00287,Damaged product,Customer requires assistance regarding damaged product.,low,resolved,AI_AGENT,2026-08-21
TKT00070,CUST0028,ORD00205,Wrong item,Customer requires assistance regarding wrong item.,medium,open,SUPPORT_001,2026-09-03
TKT00071,CUST0005,ORD00082,Missing item,Customer requires assistance regarding missing item.,low,waiting_for_customer,AI_AGENT,2026-08-01
TKT00072,CUST0067,ORD00080,Damaged product,Customer requires assistance regarding damaged product.,low,open,SUPPORT_002,2026-08-20
TKT00073,CUST0037,ORD00145,Wrong item,Customer requires assistance regarding wrong item.,urgent,resolved,AI_AGENT,2026-07-19
TKT00074,CUST0094,ORD00191,Delivery complaint,Customer requires assistance regarding delivery complaint.,medium,in_progress,AI_AGENT,2026-09-21
TKT00075,CUST0099,ORD00065,General complaint,Customer requires assistance regarding general complaint.,medium,resolved,AI_AGENT,2026-08-12
TKT00076,CUST0003,ORD00134,General complaint,Customer requires assistance regarding general complaint.,low,waiting_for_customer,SUPPORT_001,2026-07-24
TKT00077,CUST0028,ORD00034,Account issue,Customer requires assistance regarding account issue.,high,in_progress,SUPPORT_002,2026-09-22
TKT00078,CUST0087,ORD00189,Payment issue,Customer requires assistance regarding payment issue.,high,in_progress,SUPPORT_001,2026-08-08
TKT00079,CUST0100,ORD00089,Wrong item,Customer requires assistance regarding wrong item.,high,waiting_for_customer,SUPPORT_001,2026-08-31
TKT00080,CUST0037,ORD00074,General complaint,Customer requires assistance regarding general complaint.,high,waiting_for_customer,AI_AGENT,2026-07-05
TKT00081,CUST0009,ORD00147,Missing item,Customer requires assistance regarding missing item.,medium,resolved,SUPPORT_002,2026-09-08
TKT00082,CUST0060,ORD00004,Wrong item,Customer requires assistance regarding wrong item.,urgent,in_progress,AI_AGENT,2026-08-26
TKT00083,CUST0041,ORD00162,Account issue,Customer requires assistance regarding account issue.,low,waiting_for_customer,SUPPORT_002,2026-07-25
TKT00084,CUST0054,ORD00049,Delivery complaint,Customer requires assistance regarding delivery complaint.,low,in_progress,SUPPORT_002,2026-08-01
TKT00085,CUST0081,ORD00055,Damaged product,Customer requires assistance regarding damaged product.,urgent,resolved,AI_AGENT,2026-08-12
TKT00086,CUST0037,ORD00184,Delivery complaint,Customer requires assistance regarding delivery complaint.,high,resolved,SUPPORT_001,2026-07-19
TKT00087,CUST0049,ORD00240,Missing item,Customer requires assistance regarding missing item.,urgent,waiting_for_customer,AI_AGENT,2026-09-01
TKT00088,CUST0091,ORD00247,Refund pending,Customer requires assistance regarding refund pending.,urgent,resolved,AI_AGENT,2026-09-14
TKT00089,CUST0006,ORD00019,Damaged product,Customer requires assistance regarding damaged product.,urgent,resolved,SUPPORT_001,2026-09-15
TKT00090,CUST0100,ORD00245,Wrong item,Customer requires assistance regarding wrong item.,urgent,in_progress,SUPPORT_002,2026-09-01
TKT00091,CUST0001,ORD00104,Payment issue,Customer requires assistance regarding payment issue.,high,waiting_for_customer,AI_AGENT,2026-09-26
TKT00092,CUST0059,ORD00130,Wrong item,Customer requires assistance regarding wrong item.,urgent,waiting_for_customer,SUPPORT_001,2026-08-25
TKT00093,CUST0019,ORD00111,Missing item,Customer requires assistance regarding missing item.,high,in_progress,SUPPORT_001,2026-09-01
TKT00094,CUST0090,ORD00078,Payment issue,Customer requires assistance regarding payment issue.,high,resolved,SUPPORT_002,2026-08-27
TKT00095,CUST0087,ORD00293,Wrong item,Customer requires assistance regarding wrong item.,urgent,resolved,SUPPORT_002,2026-09-25
TKT00096,CUST0034,ORD00268,Missing item,Customer requires assistance regarding missing item.,urgent,in_progress,SUPPORT_002,2026-07-30
TKT00097,CUST0095,ORD00265,Damaged product,Customer requires assistance regarding damaged product.,high,open,SUPPORT_001,2026-07-10
TKT00098,CUST0069,ORD00020,Payment issue,Customer requires assistance regarding payment issue.,low,in_progress,AI_AGENT,2026-09-23
TKT00099,CUST0083,ORD00090,Missing item,Customer requires assistance regarding missing item.,urgent,open,SUPPORT_001,2026-09-11
TKT00100,CUST0061,ORD00041,Account issue,Customer requires assistance regarding account issue.,medium,in_progress,SUPPORT_001,2026-08-28
